date,total_portfolio_value,AAPL,MSFT
2021-02-11,10000.0,0.0,0.0
2021-02-12,10000.0,0.0,0.0
2021-02-16,10000.0,0.0,0.0
2021-02-17,10118.079574584961,0.0,10012.19987487793
2021-02-18,10019.679824829102,0.0,0.0
2021-02-19,10019.679824829102,0.0,0.0
2021-02-22,10019.679824829102,0.0,0.0
2021-02-23,10185.579704284666,9942.940048217773,0.0
2021-02-24,10112.899848937986,0.0,0.0
2021-02-25,10112.899848937986,0.0,0.0
2021-02-26,10112.899848937986,0.0,0.0
2021-03-01,10112.899848937986,0.0,0.0
2021-03-02,10112.899848937986,0.0,0.0
2021-03-03,10112.899848937986,0.0,0.0
2021-03-04,10112.459419250483,0.0,9976.119812011717
2021-03-05,10327.179870605463,121.41999816894533,10190.400268554686
2021-03-08,10316.569389343258,0.0,0.0
2021-03-09,10316.569389343258,0.0,0.0
2021-03-10,10316.569389343258,0.0,0.0
2021-03-11,10316.569389343258,0.0,0.0
2021-03-12,10316.569389343258,0.0,0.0
2021-03-15,10316.569389343258,0.0,0.0
2021-03-16,10378.059730529782,0.0,10221.530288696289
2021-03-17,10310.979179382322,0.0,0.0
2021-03-18,10310.979179382322,0.0,0.0
2021-03-19,10318.628868103024,10199.149818420408,0.0
2021-03-22,10607.628997802733,10488.149948120117,0.0
2021-03-23,10602.529205322262,0.0,0.0
2021-03-24,10602.529205322262,0.0,0.0
2021-03-25,10694.92880249023,10611.919677734375,0.0
2021-03-26,10749.48904418945,10666.479919433594,0.0
2021-03-29,10765.329071044918,10682.319946289062,0.0
2021-03-30,10652.689178466793,0.0,0.0
2021-03-31,10652.689178466793,0.0,0.0
2021-04-01,10652.689178466793,0.0,0.0
2021-04-05,10652.689178466793,0.0,0.0
2021-04-06,10652.689178466793,0.0,0.0
2021-04-07,10826.56915283203,10743.600128173828,0.0
2021-04-08,11033.209075927733,10950.240051269531,0.0
2021-04-09,11254.969024658201,11172.0,0.0
2021-04-12,11214.64938354492,0.0,0.0
2021-04-13,11214.64938354492,0.0,0.0
2021-04-14,11214.64938354492,0.0,0.0
2021-04-15,11214.64938354492,0.0,0.0
2021-04-16,11269.25891113281,0.0,11211.819580078125
2021-04-19,11245.609436035154,0.0,0.0
2021-04-20,11264.529541015623,0.0,11105.180419921875
2021-04-21,11365.428543090818,133.5,11204.939422607422
2021-04-22,11349.058746337889,0.0,0.0
2021-04-23,11349.058746337889,0.0,0.0
2021-04-26,11349.058746337889,0.0,0.0
2021-04-27,11349.058746337889,0.0,0.0
2021-04-28,11287.739105224608,11220.720153808594,0.0
2021-04-29,11530.499053955076,0.0,0.0
2021-04-30,11640.298477172848,0.0,11348.099670410156
2021-05-03,11696.19853210449,265.0799865722656,0.0
2021-05-04,11693.498550415037,0.0,0.0
2021-05-05,11693.498550415037,0.0,0.0
2021-05-06,11861.84910583496,11806.34049987793,0.0
2021-05-07,11962.859161376951,0.0,0.0
2021-05-10,11962.859161376951,0.0,0.0
2021-05-11,12043.49880981445,0.0,11819.039794921873
2021-05-12,11848.618927001951,0.0,0.0
2021-05-13,11848.618927001951,0.0,0.0
2021-05-14,11848.618927001951,0.0,0.0
2021-05-17,11848.618927001951,0.0,0.0
2021-05-18,11848.618927001951,0.0,0.0
2021-05-19,11992.438812255856,11720.860229492186,0.0
2021-05-20,12241.238342285156,11967.139770507814,246.47999572753903
2021-05-21,12290.268554687498,0.0,0.0
2021-05-24,12395.998199462887,12328.699851989746,0.0
2021-05-25,12465.83831787109,0.0,0.0
2021-05-26,12465.83831787109,0.0,0.0
2021-05-27,12465.83831787109,0.0,0.0
2021-05-28,12370.798408508297,12336.390060424805,0.0
2021-06-01,12338.128227233883,12303.71987915039,0.0
2021-06-02,12415.348106384276,12380.939758300783,0.0
2021-06-03,12377.728378295895,0.0,0.0
2021-06-04,12377.728378295895,0.0,0.0
2021-06-07,12351.268707275385,12338.200149536133,0.0
2021-06-08,12433.588348388665,12420.519790649412,0.0
2021-06-09,12471.808288574211,12458.73973083496,0.0
2021-06-10,12371.848617553705,12358.780059814453,0.0
2021-06-11,12493.36840820312,12480.299850463867,0.0
2021-06-14,12800.10813903808,12787.039581298828,0.0
2021-06-15,12747.188796997065,0.0,0.0
2021-06-16,12747.188796997065,0.0,0.0
2021-06-17,12940.21784973144,12783.629348754883,0.0
2021-06-18,12835.459152221674,0.0,0.0
2021-06-21,13031.459152221674,12965.400299072266,0.0
2021-06-22,13196.098434448237,13130.039581298828,0.0
2021-06-23,13175.51927185058,0.0,0.0
2021-06-24,13201.489212036127,0.0,13067.810119628906
2021-06-25,13178.599624633784,133.11000061035156,0.0
2021-06-28,13304.239562988276,134.77999877929688,13167.280059814453
2021-06-29,13437.109207153315,136.3300018310547,13298.599700927734
2021-06-30,13413.239212036127,136.9600067138672,13274.099700927734
2021-07-01,13447.849807739252,137.27000427246094,13308.400299072266
2021-07-02,13746.989212036127,139.9600067138672,13604.849700927734
2021-07-06,13767.669448852534,142.02000427246094,0.0
2021-07-07,13770.219451904291,144.57000732421875,0.0
2021-07-08,13768.889450073237,143.24000549316406,0.0
2021-07-09,13879.539505004877,145.11000061035156,13619.060119628906
2021-07-12,13940.419570922846,0.0,0.0
2021-07-13,14094.979629516596,13981.43994140625,0.0
2021-07-14,14431.939102172846,14318.3994140625,0.0
2021-07-15,14440.580215454096,0.0,0.0
2021-07-16,14373.25984191894,0.0,14318.25
2021-07-19,14280.439468383784,0.0,0.0
2021-07-20,14280.439468383784,0.0,0.0
2021-07-21,14267.828994750971,14103.799407958984,0.0
2021-07-22,14403.629882812495,14239.600296020508,0.0
2021-07-23,14574.34934997558,14410.319763183594,0.0
2021-07-26,14616.0601196289,14452.030532836914,0.0
2021-07-27,14628.669113159174,0.0,0.0
2021-07-28,14628.669113159174,0.0,0.0
2021-07-29,14723.668807983393,14563.999938964844,0.0
2021-07-30,14745.668930053705,14586.000061035156,0.0
2021-08-02,14711.669296264643,14552.000427246094,0.0
2021-08-03,14895.668930053705,14736.000061035156,0.0
2021-08-04,14886.669296264643,0.0,0.0
2021-08-05,14894.749481201166,14853.059753417969,0.0
2021-08-06,14823.040344238276,0.0,0.0
2021-08-09,14811.930282592768,14755.089630126953,0.0
2021-08-10,14762.441268920893,14705.600616455078,0.0
2021-08-11,14788.700714111323,14731.860061645508,0.0
2021-08-12,15094.730590820307,15037.889938354492,0.0
2021-08-13,15102.81077575683,0.0,0.0
2021-08-16,15363.390960693354,15263.119506835938,0.0
2021-08-17,15273.501022338862,0.0,0.0
2021-08-18,15273.501022338862,0.0,0.0
2021-08-19,15447.180831909174,15256.799682617188,0.0
2021-08-20,15602.141403198237,15411.76025390625,0.0
2021-08-23,15760.221847534174,15569.840698242188,0.0
2021-08-24,15733.180831909174,0.0,0.0
2021-08-25,15616.391952514643,0.0,15402.510498046875
2021-08-26,15563.56094360351,147.5399932861328,0.0
2021-08-27,15601.851516723627,148.60000610351562,15285.72006225586
2021-08-30,15803.741256713862,153.1199951171875,15483.089813232422
2021-08-31,15845.612136840815,0.0,0.0
2021-09-01,15845.612136840815,0.0,0.0
2021-09-02,15845.612136840815,0.0,0.0
2021-09-03,15845.612136840815,0.0,0.0
2021-09-07,16021.052261352534,15982.380249023438,0.0
2021-09-08,16050.63157653808,0.0,0.0
2021-09-09,16050.63157653808,0.0,0.0
2021-09-10,16050.63157653808,0.0,0.0
2021-09-13,16050.63157653808,0.0,0.0
2021-09-14,16050.63157653808,0.0,0.0
2021-09-15,16101.391708374018,16095.239868164062,0.0
2021-09-16,16037.67210388183,0.0,0.0
2021-09-17,16037.67210388183,0.0,0.0
2021-09-20,16037.67210388183,0.0,0.0
2021-09-21,16037.67210388183,0.0,0.0
2021-09-22,16193.073120117182,16189.350677490234,0.0
2021-09-23,16301.852645874018,16298.13020324707,0.0
2021-09-24,16171.982849121088,0.0,0.0
2021-09-27,16171.982849121088,0.0,0.0
2021-09-28,16171.982849121088,0.0,0.0
2021-09-29,16212.662918090815,16139.79020690918,0.0
2021-09-30,16306.453124999995,0.0,0.0
2021-10-01,16306.453124999995,0.0,0.0
2021-10-04,16306.453124999995,0.0,0.0
2021-10-05,16306.453124999995,0.0,0.0
2021-10-06,16597.402984619133,16330.0,0.0
2021-10-07,16745.752212524407,16478.349227905273,0.0
2021-10-08,16700.902282714836,16433.499298095703,0.0
2021-10-11,16690.552703857415,16423.14971923828,0.0
2021-10-12,16541.052352905266,16273.649368286133,0.0
2021-10-13,16510.003616333,0.0,0.0
2021-10-14,16510.003616333,0.0,0.0
2021-10-15,16631.982711791985,16511.75958251953,0.0
2021-10-18,16826.923477172844,16706.70034790039,0.0
2021-10-19,17078.86250305175,16958.639373779297,0.0
2021-10-20,17135.86250305175,17015.639373779297,0.0
2021-10-21,17160.942642211907,17040.719512939453,0.0
2021-10-22,17184.883407592766,0.0,0.0
2021-10-25,17180.284179687493,17093.59992980957,0.0
2021-10-26,17258.48509216308,17171.800842285156,0.0
2021-10-27,17204.43495178222,17117.750701904297,0.0
2021-10-28,17632.23509216308,17545.550842285156,0.0
2021-10-29,17016.98439025878,0.0,0.0
2021-11-01,17016.98439025878,0.0,0.0
2021-11-02,17172.02445983886,17102.280487060547,0.0
2021-11-03,17339.604598999016,17269.860626220703,0.0
2021-11-04,17349.864181518547,0.0,0.0
2021-11-05,17280.32411193847,17245.919860839844,0.0
2021-11-08,17295.144668579094,0.0,0.0
2021-11-09,17295.144668579094,0.0,0.0
2021-11-10,17295.144668579094,0.0,0.0
2021-11-11,17168.70332336425,17152.91943359375,0.0
2021-11-12,17414.62452697753,17398.84063720703,0.0
2021-11-15,17458.70332336425,0.0,0.0
2021-11-16,17654.03419494628,0.0,17315.010498046875
2021-11-17,17629.943832397454,306.9800109863281,0.0
2021-11-18,17796.293624877922,315.739990234375,17404.769439697266
2021-11-19,17871.52494812011,321.1000061035156,0.0
2021-11-22,17872.464950561516,322.0400085449219,0.0
2021-11-23,17873.244949340813,322.82000732421875,0.0
2021-11-24,17871.924942016594,0.0,0.0
2021-11-26,17871.924942016594,0.0,0.0
2021-11-29,17871.924942016594,0.0,0.0
2021-11-30,18461.3346710205,18348.300338745117,0.0
2021-12-01,18703.31385803222,0.0,0.0
2021-12-02,19270.57261657714,18504.87937927246,0.0
2021-12-03,19299.953720092766,0.0,0.0
2021-12-06,19299.953720092766,0.0,0.0
2021-12-07,19299.953720092766,0.0,0.0
2021-12-08,19630.35337829589,19608.960205078125,0.0
2021-12-09,19572.112899780266,19550.7197265625,0.0
2021-12-10,20119.79283142089,20098.399658203125,0.0
2021-12-13,20306.832626342766,0.0,0.0
2021-12-14,20306.832626342766,0.0,0.0
2021-12-15,20306.832626342766,0.0,0.0
2021-12-16,20306.832626342766,0.0,0.0
2021-12-17,20487.871566772454,0.0,20075.599243164062
2021-12-20,20255.371566772454,0.0,0.0
2021-12-21,20255.371566772454,0.0,0.0
2021-12-22,20559.57228088378,20549.879928588867,0.0
2021-12-23,20634.45220947265,20624.759857177734,0.0
2021-12-27,21108.302566528313,21098.6102142334,0.0
2021-12-28,21088.412780761708,0.0,0.0
2021-12-29,21088.412780761708,0.0,0.0
2021-12-30,21088.412780761708,0.0,0.0
2021-12-31,21088.412780761708,0.0,0.0
2022-01-03,21581.6519165039,21477.179351806644,0.0
2022-01-04,21654.81314086913,0.0,0.0
2022-01-05,21654.81314086913,0.0,0.0
2022-01-06,21704.453887939442,0.0,21343.84033203125
2022-01-07,21713.894134521473,344.3399963378906,21354.720581054688
2022-01-10,21729.572814941395,344.3800048828125,21370.359252929688
2022-01-11,21674.833892822255,350.1600036621094,0.0
2022-01-12,21675.73388671874,351.05999755859375,0.0
2022-01-13,21676.23388671874,0.0,0.0
2022-01-14,21892.485260009755,21633.750915527344,0.0
2022-01-18,21697.483657836903,0.0,0.0
2022-01-19,21697.483657836903,0.0,0.0
2022-01-20,21697.483657836903,0.0,0.0
2022-01-21,21697.483657836903,0.0,0.0
2022-01-24,22001.89241027831,0.0,21635.009643554688
2022-01-25,21647.84196472167,0.0,0.0
2022-01-26,21647.84196472167,0.0,0.0
2022-01-27,21647.84196472167,0.0,0.0
2022-01-28,21647.84196472167,0.0,0.0
2022-01-31,22234.58134460448,22197.059844970703,0.0
2022-02-01,22212.991577148427,22175.47007751465,0.0
2022-02-02,22230.771499633778,0.0,0.0
2022-02-03,22230.771499633778,0.0,0.0
2022-02-04,22649.06230163573,0.0,22333.620178222656
2022-02-07,22664.653106689442,171.66000366210938,0.0
2022-02-08,22912.76292419432,174.8300018310547,22537.439819335934
2022-02-09,23406.31246948241,176.27999877929688,23029.53936767578
2022-02-10,22873.5937347412,0.0,0.0
2022-02-11,22873.5937347412,0.0,0.0
2022-02-14,23077.445053100575,22798.800659179688,0.0
2022-02-15,23605.293487548817,23326.64909362793,0.0
2022-02-16,23478.395217895497,0.0,0.0
2022-02-17,23478.395217895497,0.0,0.0
2022-02-18,23478.395217895497,0.0,0.0
2022-02-22,23478.395217895497,0.0,0.0
2022-02-23,23478.395217895497,0.0,0.0
2022-02-24,24961.755752563466,23760.040802001953,0.0
2022-02-25,25122.354415893544,0.0,0.0
2022-02-28,25498.67533874511,0.0,25098.360717773438
2022-03-01,25297.91410827636,0.0,0.0
2022-03-02,25297.91410827636,0.0,0.0
2022-03-03,25297.91410827636,0.0,0.0
2022-03-04,25297.91410827636,0.0,0.0
2022-03-07,25297.91410827636,0.0,0.0
2022-03-08,25079.873336791985,24875.520385742188,0.0
2022-03-09,25950.452468872063,25746.099517822266,0.0
2022-03-10,25515.952468872063,0.0,0.0
2022-03-11,25515.952468872063,0.0,0.0
2022-03-14,25515.952468872063,0.0,0.0
2022-03-15,26224.06288146972,26210.209381103516,0.0
2022-03-16,26984.56288146972,26970.709381103516,0.0
2022-03-17,27158.63267517089,27144.779174804688,0.0
2022-03-18,27726.472778320305,27712.6192779541,0.0
2022-03-21,27647.042572021477,0.0,0.0
2022-03-22,28199.814712524407,28192.94122314453,0.0
2022-03-23,28431.944610595696,28425.07112121582,0.0
2022-03-24,29076.564712524407,29069.69122314453,0.0
2022-03-25,29185.113693237297,29178.240203857422,0.0
2022-03-28,29332.074508666985,29325.20101928711,0.0
2022-03-29,29893.194610595696,29886.32112121582,0.0
2022-03-30,29824.72399902343,0.0,0.0
2022-03-31,29824.72399902343,0.0,0.0
2022-04-01,29829.52575683593,0.0,29704.3212890625
2022-04-04,30362.32458496093,0.0,30237.1201171875
2022-04-05,30199.12341308593,0.0,0.0
2022-04-06,30199.12341308593,0.0,0.0
2022-04-07,30370.622665405266,30124.499893188477,0.0
2022-04-08,30307.622558593743,0.0,0.0
2022-04-11,30307.622558593743,0.0,0.0
2022-04-12,30307.622558593743,0.0,0.0
2022-04-13,30849.42156982421,30671.998901367188,0.0
2022-04-14,30889.021789550774,0.0,0.0
2022-04-18,31066.12017822265,0.0,30857.198791503906
2022-04-19,31594.30003356933,167.39999389648438,31382.998657226562
2022-04-20,32046.6607055664,0.0,0.0
2022-04-21,32046.6607055664,0.0,0.0
2022-04-22,32046.6607055664,0.0,0.0
2022-04-25,32395.14263916015,32250.240966796875,0.0
2022-04-26,32270.401672363274,0.0,0.0
2022-04-27,32405.702423095696,32096.851501464844,0.0
2022-04-28,33859.49079895019,33546.19987487793,289.6300048828125
2022-04-29,33489.47015380859,0.0,0.0
2022-05-02,33754.47015380859,33487.521423339844,0.0
2022-05-03,34076.707824707024,33809.75909423828,0.0
2022-05-04,35463.18963623046,35196.24090576172,0.0
2022-05-05,35003.150024414055,0.0,0.0
2022-05-06,35286.360977172844,35073.4397277832,0.0
2022-05-09,34762.30961608886,0.0,0.0
2022-05-10,34762.30961608886,0.0,0.0
2022-05-11,34762.30961608886,0.0,0.0
2022-05-12,34762.30961608886,0.0,0.0
2022-05-13,34762.30961608886,0.0,0.0
2022-05-16,34967.13075256347,0.0,34779.5
2022-05-17,35675.071731567376,149.24000549316406,35487.060974121094
2022-05-18,35164.62075805663,0.0,0.0
2022-05-19,35164.62075805663,0.0,0.0
2022-05-20,35164.62075805663,0.0,0.0
2022-05-23,36521.222625732415,36493.05015563965,0.0
2022-05-24,35934.72184753417,0.0,0.0
2022-05-25,36539.158309936516,0.0,36227.75848388672
2022-05-26,37018.37898254394,287.55999755859375,36694.199157714844
2022-05-27,38043.01847839355,299.2799987792969,37707.11865234375
2022-05-31,37943.89967346191,0.0,0.0
2022-06-01,37943.89967346191,0.0,0.0
2022-06-02,38805.800918579094,38558.55171203613,0.0
2022-06-03,37706.74765014648,0.0,0.0
2022-06-06,37706.74765014648,0.0,0.0
2022-06-07,38831.62780761718,38367.181732177734,0.0
2022-06-08,38798.086547851555,0.0,0.0
2022-06-09,38798.086547851555,0.0,0.0
2022-06-10,38798.086547851555,0.0,0.0
2022-06-13,38798.086547851555,0.0,0.0
2022-06-14,38798.086547851555,0.0,0.0
2022-06-15,38798.086547851555,0.0,0.0
2022-06-16,38798.086547851555,0.0,0.0
2022-06-17,39242.103637695305,39204.87927246094,0.0
2022-06-21,40526.48291015624,40489.258544921875,0.0
2022-06-22,40204.642364501946,0.0,0.0
2022-06-23,40204.642364501946,0.0,0.0
2022-06-24,40204.642364501946,0.0,0.0
2022-06-27,40204.642364501946,0.0,0.0
2022-06-28,40204.642364501946,0.0,0.0
2022-06-29,40721.47915649413,40655.158752441406,0.0
2022-06-30,40143.32040405273,0.0,0.0
2022-07-01,40990.09022521972,40706.487854003906,0.0
2022-07-05,41767.37165832519,41477.07928466797,262.8500061035156
2022-07-06,41709.20414733886,0.0,266.2099914550781
2022-07-07,42595.7378540039,42295.151763916016,268.3999938964844
2022-07-08,42791.534164428704,42494.55805969238,0.0
2022-07-11,42395.605575561516,0.0,0.0
2022-07-12,42395.605575561516,0.0,0.0
2022-07-13,43120.605575561516,42192.10159301758,0.0
2022-07-14,43995.33432006835,43056.300354003906,762.2400054931641
2022-07-15,44496.25343322753,43549.29946899414,770.1600036621094
2022-07-18,44670.64555358886,0.0,0.0
2022-07-19,44670.64555358886,0.0,0.0
2022-07-20,45237.04501342773,45146.79801940918,0.0
2022-07-21,45918.49879455566,45828.25180053711,0.0
2022-07-22,45930.29681396484,0.0,0.0
2022-07-25,45930.29681396484,0.0,0.0
2022-07-26,45930.29681396484,0.0,0.0
2022-07-27,45930.29681396484,0.0,0.0
2022-07-28,47062.49743652343,0.0,46989.700622558594
2022-07-29,47798.59515380859,0.0,47725.79833984375
2022-08-01,47302.198059082024,0.0,0.0
2022-08-02,47302.198059082024,0.0,0.0
2022-08-03,47302.198059082024,0.0,0.0
2022-08-04,47302.198059082024,0.0,0.0
2022-08-05,47912.09788513183,47124.75173950195,0.0
2022-08-08,47775.29475402831,46987.94860839844,0.0
2022-08-09,47794.86557006835,47002.199478149414,564.5999755859375
2022-08-10,49039.78768920898,48233.40156555176,578.3200073242188
2022-08-11,49276.86543273925,0.0,0.0
2022-08-12,49276.86543273925,0.0,0.0
2022-08-15,49754.48490905761,49532.34069824219,0.0
2022-08-16,49708.72386169433,49486.579650878906,0.0
2022-08-17,50143.44508361816,49921.300872802734,0.0
2022-08-18,50029.042465209954,49806.89825439453,0.0
2022-08-19,49708.72386169433,0.0,0.0
2022-08-22,49708.72386169433,0.0,0.0
2022-08-23,49753.122055053704,49500.07873535156,0.0
2022-08-24,49841.922958374016,49588.879638671875,0.0
2022-08-25,50581.922958374016,50328.879638671875,0.0
2022-08-26,50741.76548767089,0.0,0.0
2022-08-29,50741.76548767089,0.0,0.0
2022-08-30,50741.76548767089,0.0,0.0
2022-08-31,50741.76548767089,0.0,0.0
2022-09-01,51166.80784606933,50863.122161865234,0.0
2022-09-02,50474.50489807128,50170.81921386719,0.0
2022-09-06,50059.39527893066,49758.659606933594,253.25
2022-09-07,50524.69783020019,50219.122161865234,258.0899963378906
2022-09-08,50100.08546447753,0.0,258.5199890136719
2022-09-09,50106.02546691894,0.0,264.4599914550781
2022-09-12,50107.34547424316,0.0,0.0
2022-09-13,50107.34547424316,0.0,0.0
2022-09-14,50107.34547424316,0.0,0.0
2022-09-15,50107.34547424316,0.0,0.0
2022-09-16,50205.267715454094,0.0,49926.961120605476
2022-09-19,50165.55746459959,154.47999572753906,49882.080871582024
2022-09-20,49668.178085327134,156.89999389648438,0.0
2022-09-21,49668.61808776854,0.0,0.0
2022-09-22,50312.388214111306,0.0,49882.85911560058
2022-09-23,50014.30770874022,0.0,0.0
2022-09-26,50382.82791137694,50055.64141845703,0.0
2022-09-27,50711.50466918944,50384.31817626953,0.0
2022-09-28,49347.92630004881,0.0,241.07000732421875
2022-09-29,49345.74629211424,0.0,0.0
2022-09-30,49345.74629211424,0.0,0.0
2022-10-03,50859.42280578612,50854.64891052246,0.0
2022-10-04,52162.476074218735,52157.70217895508,0.0
2022-10-05,52269.57171630858,52264.79782104492,0.0
2022-10-06,52058.943023681626,0.0,0.0
2022-10-07,52058.943023681626,0.0,0.0
2022-10-10,52058.943023681626,0.0,0.0
2022-10-11,52058.943023681626,0.0,0.0
2022-10-12,51763.479827880845,51739.158630371094,0.0
2022-10-13,53502.58325195311,53478.26205444336,0.0
2022-10-14,53996.26028442381,0.0,0.0
2022-10-17,53996.26028442381,0.0,0.0
2022-10-18,53996.26028442381,0.0,0.0
2022-10-19,53996.26028442381,0.0,0.0
2022-10-20,54135.008453369126,53771.249771118164,0.0
2022-10-21,55597.39027404784,55226.25160217285,242.1199951171875
2022-10-24,56420.01753234862,56043.74885559082,247.25
2022-10-25,57503.77729797362,57127.498626708984,0.0
2022-10-26,56986.28118896483,0.0,0.0
2022-10-27,56986.28118896483,0.0,0.0
2022-10-28,56986.28118896483,0.0,0.0
2022-10-31,56986.28118896483,0.0,0.0
2022-11-01,56986.28118896483,0.0,0.0
2022-11-02,56986.28118896483,0.0,0.0
2022-11-03,55479.56213378904,0.0,55276.5
2022-11-04,57317.97198486326,138.3800048828125,57118.6198425293
2022-11-07,58990.35087585447,138.9199981689453,58790.458740234375
2022-11-08,59205.071350097634,139.5,0.0
2022-11-09,59204.071350097634,0.0,0.0
2022-11-10,59204.071350097634,0.0,0.0
2022-11-11,60767.70716857908,60329.0987701416,0.0
2022-11-14,60473.51889038084,0.0,0.0
2022-11-15,60473.51889038084,0.0,0.0
2022-11-16,60473.51889038084,0.0,0.0
2022-11-17,62215.26235961912,61192.32049560547,0.0
2022-11-18,62851.64089965818,0.0,964.8800048828125
2022-11-21,62854.9609069824,0.0,968.2000122070312
2022-11-22,62866.880889892556,0.0,980.1199951171875
2022-11-23,62877.08090209959,0.0,990.3200073242188
2022-11-25,62876.000885009744,0.0,0.0
2022-11-28,62876.000885009744,0.0,0.0
2022-11-29,62597.80294799802,0.0,62485.80047607422
2022-11-30,66448.4023132324,0.0,66336.3998413086
2022-12-01,66331.40310668942,0.0,66219.40063476562
2022-12-02,65065.204376220674,0.0,0.0
2022-12-05,65065.204376220674,0.0,0.0
2022-12-06,65065.204376220674,0.0,0.0
2022-12-07,64943.30259704587,0.0,64758.04870605469
2022-12-08,65746.54226684569,142.64999389648438,65560.99838256837
2022-12-09,65030.7330780029,0.0,0.0
2022-12-12,65030.7330780029,0.0,0.0
2022-12-13,65030.7330780029,0.0,0.0
2022-12-14,65030.7330780029,0.0,0.0
2022-12-15,65030.7330780029,0.0,0.0
2022-12-16,65030.7330780029,0.0,0.0
2022-12-19,65030.7330780029,0.0,0.0
2022-12-20,65477.544876098604,64959.301498413086,0.0
2022-12-21,67029.67185974118,66505.94850158691,488.8599853515625
2022-12-22,66483.23635864255,0.0,0.0
2022-12-23,66955.11758422849,66193.72030639648,0.0
2022-12-27,66714.15972900388,0.0,0.0
2022-12-28,66714.15972900388,0.0,0.0
2022-12-29,66714.15972900388,0.0,0.0
2022-12-30,66714.15972900388,0.0,0.0
2023-01-03,66714.15972900388,0.0,0.0
2023-01-04,66714.15972900388,0.0,0.0
2023-01-05,66714.15972900388,0.0,0.0
2023-01-06,66714.15972900388,0.0,0.0
2023-01-09,66714.15972900388,0.0,0.0
2023-01-10,66954.80035400388,66933.7578125,0.0
2023-01-11,68367.92535400388,68346.8828125,0.0
2023-01-12,68567.60504150388,0.0,0.0
2023-01-13,69968.09284973142,69131.87718200684,0.0
2023-01-17,70004.00660705563,0.0,0.0
2023-01-18,70004.00660705563,0.0,0.0
2023-01-19,70619.23786926267,69934.5922088623,0.0
2023-01-20,71974.153137207,71278.78747558594,480.44000244140625
2023-01-23,73653.95597839353,72953.87031555176,485.1600036621094
2023-01-24,74387.01501464841,73688.00936889648,484.0799865722656
2023-01-25,74025.5059661865,73341.62031555176,0.0
2023-01-26,75119.9091339111,74427.32347106934,496.0
2023-01-27,76140.371887207,75445.8062133789,0.0
2023-01-30,75638.88914489743,0.0,0.0
2023-01-31,76478.40721130368,76185.11645507812,0.0
2023-02-01,77085.07688903806,76787.0361328125,252.75
2023-02-02,79942.85462951657,79632.9638671875,264.6000061035156
2023-02-03,81880.83076477048,81576.0,0.0
2023-02-06,80861.12461853024,0.0,256.7699890136719
2023-02-07,83001.22171020505,82119.1467590332,267.5599975585937
2023-02-08,82597.99755859372,0.0,0.0
2023-02-09,82597.99755859372,0.0,0.0
2023-02-10,83445.84088134763,82602.46699523926,0.0
2023-02-13,85010.36720275876,84155.95333862305,813.9600219726562
2023-02-14,84066.60121154782,0.0,816.5100402832031
2023-02-15,85260.51185607907,84344.1909942627,0.0
2023-02-16,84272.24787902829,0.0,0.0
2023-02-17,84272.24787902829,0.0,0.0
2023-02-21,84272.24787902829,0.0,0.0
2023-02-22,84272.24787902829,0.0,0.0
2023-02-23,84272.24787902829,0.0,0.0
2023-02-24,84272.24787902829,0.0,0.0
2023-02-27,84272.24787902829,0.0,0.0
2023-02-28,84272.24787902829,0.0,0.0
2023-03-01,84272.24787902829,0.0,0.0
2023-03-02,85158.11717224118,84481.89212036133,0.0
2023-03-03,88128.7943267822,87446.36929321289,510.5799865722656
2023-03-06,89752.27609252927,89067.57106018066,0.0
2023-03-07,89677.00326538083,0.0,0.0
2023-03-08,89677.00326538083,0.0,0.0
2023-03-09,89677.00326538083,0.0,0.0
2023-03-10,89677.00326538083,0.0,0.0
2023-03-13,91280.98547363278,90733.41073608398,0.0
2023-03-14,92567.42254638669,92011.76779174805,521.5800170898438
2023-03-15,92817.92805480954,92252.97331237793,530.8800048828125
2023-03-16,94564.02844238278,93977.55368041992,552.4000244140625
2023-03-17,94709.17582702634,0.0,558.8599853515625
2023-03-20,94704.27586364743,0.0,0.0
2023-03-21,95882.23072814938,95727.27926635742,0.0
2023-03-22,95894.25329589841,0.0,0.0
2023-03-23,95894.25329589841,0.0,0.0
2023-03-24,96732.42292785642,96630.75,0.0
2023-03-27,96545.49440002438,0.0,0.0
2023-03-28,96350.60993957517,96008.84628295898,0.0
2023-03-29,98252.24627685544,97908.93260192871,280.510009765625
2023-03-30,99224.09402465817,98877.2403717041,284.04998779296875
2023-03-31,100775.19993591306,100424.09628295898,288.29998779296875
2023-04-03,101546.85253906247,101197.5288848877,0.0
2023-04-04,101808.72737121579,0.0,0.0
2023-04-05,101808.72737121579,0.0,0.0
2023-04-06,103193.56419372556,102253.86227416992,0.0
2023-04-10,101181.52078247067,0.0,0.0
2023-04-11,101181.52078247067,0.0,0.0
2023-04-12,101181.52078247067,0.0,0.0
2023-04-13,101181.52078247067,0.0,0.0
2023-04-14,101181.52078247067,0.0,0.0
2023-04-17,101267.20040893552,101120.7573852539,0.0
2023-04-18,102026.08377075192,101879.64074707031,0.0
2023-04-19,102736.00601196286,102589.56298828125,0.0
2023-04-20,101793.52078247067,0.0,0.0
2023-04-21,101793.52078247067,0.0,0.0
2023-04-24,101996.80191040036,101843.28112792969,0.0
2023-04-25,101910.56228637692,0.0,0.0
2023-04-26,102345.96038818356,101858.71658325195,0.0
2023-04-27,105247.1260681152,104751.02227783203,304.8299865722656
2023-04-28,106036.23925781247,105540.95544433594,0.0
2023-05-01,105787.44305419919,0.0,0.0
2023-05-02,105787.44305419919,0.0,0.0
2023-05-03,105787.44305419919,0.0,0.0
2023-05-04,105787.44305419919,0.0,0.0
2023-05-05,105787.44305419919,0.0,0.0
2023-05-08,106408.6256561279,105661.5,0.0
2023-05-09,106132.57751464841,0.0,614.0
2023-05-10,106143.1975097656,0.0,624.6199951171874
2023-05-11,106138.77752685544,0.0,0.0
2023-05-12,106138.77752685544,0.0,0.0
2023-05-15,106262.25250244138,0.0,106144.7770690918
2023-05-16,107044.2920837402,0.0,106926.81665039062
2023-05-17,107819.47543334958,0.0,107702.0
2023-05-18,109369.83166503903,0.0,109252.35623168945
2023-05-19,109308.09417724606,0.0,109190.61874389648
2023-05-22,110282.21292114255,0.0,110164.73748779297
2023-05-23,109887.76501464841,0.0,0.0
2023-05-24,110367.76501464841,109977.59765625,0.0
2023-05-25,111106.45089721677,110713.603515625,325.9200134277344
2023-05-26,112675.01269531247,112275.1953125,332.8900146484375
2023-05-30,113874.15933227536,113472.001953125,0.0
2023-05-31,113842.15737915036,113440.0,0.0
2023-06-01,115666.40502929685,115257.59765625,332.5799865722656
2023-06-02,116219.62542724606,115807.998046875,335.3999938964844
2023-06-05,117294.65051269528,0.0,0.0
2023-06-06,117294.65051269528,0.0,0.0
2023-06-07,117294.65051269528,0.0,0.0
2023-06-08,119054.18936157224,118995.63482666016,0.0
2023-06-09,119667.05453491208,0.0,0.0
2023-06-12,119667.05453491208,0.0,0.0
2023-06-13,119999.06095886226,119334.80841064452,0.0
2023-06-14,120418.70056152341,119751.44801330566,337.3399963378906
2023-06-15,121770.51898193358,121092.50642395021,348.1000061035156
2023-06-16,122242.45977783199,0.0,0.0
2023-06-20,122639.05372619627,122291.60636901857,0.0
2023-06-21,121945.01179504392,121597.56443786621,0.0
2023-06-22,123960.0373535156,123607.0,339.7099914550781
2023-06-23,122996.239364624,0.0,0.0
2023-06-26,122996.239364624,0.0,0.0
2023-06-27,122996.239364624,0.0,0.0
2023-06-28,123859.52415466306,123769.5,0.0
2023-06-29,123748.34535217282,0.0,0.0
2023-06-30,123748.34535217282,0.0,0.0
2023-07-03,123748.34535217282,0.0,0.0
2023-07-05,124868.30445861813,0.0,123762.89776611328
2023-07-06,126010.22267150876,0.0,124904.8159790039
2023-07-07,125296.52937316892,0.0,0.0
2023-07-10,125296.52937316892,0.0,0.0
2023-07-11,125296.52937316892,0.0,0.0
2023-07-12,125296.52937316892,0.0,0.0
2023-07-13,125296.52937316892,0.0,0.0
2023-07-14,125598.75378417967,125283.3316040039,0.0
2023-07-17,127766.85578918457,127451.4336090088,0.0
2023-07-18,127346.37619018552,0.0,0.0
2023-07-19,128660.37619018552,128180.70401000975,0.0
2023-07-20,127366.08538818358,126886.41320800781,0.0
2023-07-21,126584.25378417967,126104.5816040039,0.0
2023-07-24,127116.42218017577,126636.75,0.0
2023-07-25,127501.35340881346,0.0,350.9800109863281
2023-07-26,128036.29460144042,127592.0,0.0
2023-07-27,129033.41740417478,0.0,0.0
2023-07-28,129033.41740417478,0.0,0.0
2023-07-31,129033.41740417478,0.0,0.0
2023-08-01,129033.41740417478,0.0,0.0
2023-08-02,129033.41740417478,0.0,0.0
2023-08-03,129292.79884338376,0.0,128377.38143920898
2023-08-04,129732.95692443845,0.0,128817.53952026367
2023-08-07,130648.64164733884,0.0,129733.22424316406
2023-08-08,129410.69404602048,0.0,0.0
2023-08-09,129410.69404602048,0.0,0.0
2023-08-10,129410.69404602048,0.0,0.0
2023-08-11,129410.69404602048,0.0,0.0
2023-08-14,130493.92803955075,130467.42488098145,0.0
2023-08-15,130072.266708374,0.0,0.0
2023-08-16,130072.266708374,0.0,0.0
2023-08-17,130072.266708374,0.0,0.0
2023-08-18,131708.19853210446,130344.03410339355,0.0
2023-08-21,132732.44174194333,131352.4772644043,1287.52001953125
2023-08-22,133785.25126647946,132390.80680847168,0.0
2023-08-23,136703.80078124997,135296.63635253906,1308.0
2023-08-24,136391.05308532712,0.0,0.0
2023-08-25,136391.05308532712,0.0,0.0
2023-08-28,136391.05308532712,0.0,0.0
2023-08-29,139732.57170104978,139194.71630859375,0.0
2023-08-30,142401.25077819824,141863.39538574222,0.0
2023-08-31,142543.45262145996,0.0,327.760009765625
2023-09-01,142544.35261535645,0.0,328.6600036621094
2023-09-05,142549.2425994873,0.0,333.54998779296875
2023-09-06,142549.07261657715,0.0,0.0
2023-09-07,142549.07261657715,0.0,0.0
2023-09-08,142549.07261657715,0.0,0.0
2023-09-11,142549.07261657715,0.0,0.0
2023-09-12,142549.07261657715,0.0,0.0
2023-09-13,144586.82261657715,0.0,144169.7389526367
2023-09-14,145722.8689117432,351.4800109863281,145302.3052368164
2023-09-15,144960.72941589358,0.0,0.0
2023-09-18,144960.72941589358,0.0,0.0
2023-09-19,146222.43190002444,145762.98596191406,0.0
2023-09-20,146377.08146667483,0.0,0.0
2023-09-21,146500.1964569092,0.0,145705.67944335938
2023-09-22,147316.92033386233,699.1599731445312,0.0
2023-09-25,147322.08036804202,704.3200073242188,0.0
2023-09-26,147317.04039001468,0.0,0.0
2023-09-27,147317.04039001468,0.0,0.0
2023-09-28,148483.44566345218,147476.162109375,0.0
2023-09-29,148926.72935485843,147925.44580078125,947.25
2023-10-02,151139.43351745608,150120.0,965.3999633789062
2023-10-03,149970.11824035647,148953.5947265625,0.0
2023-10-04,151073.55665588382,150042.2431640625,956.8799743652344
2023-10-05,152154.75663757327,151122.2431640625,958.0799560546875
2023-10-06,154407.5782928467,153351.36474609375,981.780029296875
2023-10-09,153827.73143005374,0.0,989.4600219726562
2023-10-10,153831.15138244632,0.0,0.0
2023-10-11,155210.3566436768,154987.60263061523,0.0
2023-10-12,155994.77980041507,155772.02578735352,0.0
2023-10-13,156606.7924346924,0.0,0.0
2023-10-16,158330.54350280765,156380.00106811523,0.0
2023-10-17,156519.28709411624,0.0,0.0
2023-10-18,156519.28709411624,0.0,0.0
2023-10-19,156519.28709411624,0.0,0.0
2023-10-20,156519.28709411624,0.0,0.0
2023-10-23,158363.44001770022,0.0,157744.28350830078
2023-10-24,158944.1959228516,520.3200073242188,158323.8694152832
2023-10-25,163796.58294677737,0.0,163180.93643188477
2023-10-26,163734.31060791019,0.0,0.0
2023-10-27,163734.31060791019,0.0,0.0
2023-10-30,163734.31060791019,0.0,0.0
2023-10-31,165098.92884826663,164109.97410583496,0.0
2023-11-01,168186.68591308597,167185.1711730957,692.1400146484375
2023-11-02,171648.6317443848,170644.77703857422,0.0
2023-11-03,168454.83995056155,0.0,705.5999755859375
2023-11-06,171166.94128417972,170089.26594543457,713.0599975585938
2023-11-07,173632.86228942874,172547.1869506836,721.0599975585938
2023-11-08,174653.62478637698,173562.60942077637,726.4000244140626
2023-11-09,174196.30879211426,173107.09347534177,0.0
2023-11-10,178007.34959411627,176893.5942077637,1109.0100402832031
2023-11-13,177452.59230041507,0.0,0.0
2023-11-14,177452.59230041507,0.0,0.0
2023-11-15,177452.59230041507,0.0,0.0
2023-11-16,177452.59230041507,0.0,0.0
2023-11-17,177452.59230041507,0.0,0.0
2023-11-20,177452.59230041507,0.0,0.0
2023-11-21,177452.59230041507,0.0,0.0
2023-11-22,177452.59230041507,0.0,0.0
2023-11-24,177499.49516296393,0.0,177014.66656494144
2023-11-27,178052.9117279053,0.0,177568.0831298828
2023-11-28,179972.37431335455,380.7999877929688,179486.30572509769
2023-11-29,180470.513168335,0.0,0.0
2023-11-30,180470.513168335,0.0,0.0
2023-12-01,180470.513168335,0.0,0.0
2023-12-04,180470.513168335,0.0,0.0
2023-12-05,180470.513168335,0.0,0.0
2023-12-06,180470.513168335,0.0,0.0
2023-12-07,180470.513168335,0.0,0.0
2023-12-08,181871.802230835,181618.88623046875,0.0
2023-12-11,179458.99656677252,0.0,0.0
2023-12-12,180971.64109802252,180690.88623046875,0.0
2023-12-13,183987.64109802252,183706.88623046875,0.0
2023-12-14,184043.3188323975,0.0,0.0
2023-12-15,184080.446762085,183344.966796875,0.0
2023-12-18,182524.5993804932,181785.91943359375,372.6499938964844
2023-12-19,182774.0033416748,0.0,0.0
2023-12-20,182774.0033416748,0.0,0.0
2023-12-21,182774.0033416748,0.0,0.0
2023-12-22,183214.10035705563,0.0,183169.6134338379
2023-12-26,183253.22871398923,0.0,183208.74179077148
2023-12-27,182778.89811706543,0.0,0.0
2023-12-28,182778.89811706543,0.0,0.0
2023-12-29,182778.89811706543,0.0,0.0
2024-01-02,182778.89811706543,0.0,0.0
2024-01-03,183561.17631530762,0.0,182335.2030029297
2024-01-04,183595.61991882324,0.0,0.0
2024-01-05,183595.61991882324,0.0,0.0
2024-01-08,183595.61991882324,0.0,0.0
2024-01-09,183595.61991882324,0.0,0.0
2024-01-10,185419.05628967288,184514.2924194336,0.0
2024-01-11,185763.15722656253,0.0,769.260009765625
2024-01-12,185770.8372192383,0.0,776.9400024414062
2024-01-16,185774.43719482425,0.0,780.5399780273438
2024-01-17,185772.8372192383,0.0,778.9400024414062
2024-01-18,185781.63720703128,0.0,787.739990234375
2024-01-19,185791.23724365237,0.0,797.3400268554688
2024-01-22,185786.91723632815,0.0,793.02001953125
2024-01-23,185791.69720458987,0.0,797.7999877929688
2024-01-24,185799.0172119141,0.0,805.1199951171875
2024-01-25,185803.63720703128,0.0,809.739990234375
2024-01-26,185801.75720214847,0.0,807.8599853515626
2024-01-29,185813.3372192383,0.0,819.4400024414062
2024-01-30,185818.41723632815,0.0,0.0
2024-01-31,185818.41723632815,0.0,0.0
2024-02-01,188708.50231933597,188168.02061462405,0.0
2024-02-02,181666.91232299805,0.0,411.2200012207031
2024-02-05,181665.59231567383,0.0,0.0
2024-02-06,184025.07467651364,183053.1029510498,0.0
2024-02-07,185334.071105957,0.0,828.0999755859376
2024-02-08,185334.071105957,0.0,0.0
2024-02-09,185334.071105957,0.0,0.0
2024-02-12,185334.071105957,0.0,0.0
2024-02-13,185334.071105957,0.0,0.0
2024-02-14,185334.071105957,0.0,0.0
2024-02-15,185334.071105957,0.0,0.0
2024-02-16,185334.071105957,0.0,0.0
2024-02-20,185127.97949218747,0.0,184477.82391357422
2024-02-21,184849.73223876953,546.9600219726562,184198.43664550784
2024-02-22,189193.14276123044,553.1099853515625,188535.69720458984
2024-02-23,191036.23170471188,0.0,0.0
2024-02-26,189906.54978942862,189493.36383056638,0.0
2024-02-27,191443.66108703607,191030.98510742188,407.4800109863281
2024-02-28,191318.370223999,0.0,407.7200012207031
2024-02-29,190777.24574279785,190149.0,413.6400146484375
2024-03-01,189512.4789276123,0.0,0.0
2024-03-04,189512.4789276123,0.0,0.0
2024-03-05,189512.4789276123,0.0,0.0
2024-03-06,189098.87663269043,0.0,188982.2982788086
2024-03-07,192412.38523864746,0.0,192295.80688476562
2024-03-08,191857.77433776855,0.0,0.0
2024-03-11,191857.77433776855,0.0,0.0
2024-03-12,191857.77433776855,0.0,0.0
2024-03-13,191857.77433776855,0.0,0.0
2024-03-14,191857.77433776855,0.0,0.0
2024-03-15,193465.82095336914,191435.57458496094,0.0
2024-03-18,194698.00775146484,192655.48135375977,1669.2800292968752
2024-03-19,197331.6084136963,195272.72203063965,1685.6400146484375
2024-03-20,200219.19438171387,198145.02796936035,1700.9200439453125
2024-03-21,198439.17973327637,0.0,1717.47998046875
2024-03-22,198440.49980163574,0.0,0.0
2024-03-25,198440.49980163574,0.0,0.0
2024-03-26,198440.49980163574,0.0,0.0
2024-03-27,198440.49980163574,0.0,0.0
2024-03-28,198327.7043914795,0.0,197738.40057373047
2024-04-01,200137.20726013187,0.0,199547.90344238284
2024-04-02,198040.9969329834,0.0,0.0
2024-04-03,199048.91764831543,198829.7928466797,0.0
2024-04-04,199798.9969329834,0.0,0.0
2024-04-05,199798.9969329834,0.0,0.0
2024-04-08,199798.9969329834,0.0,0.0
2024-04-09,199798.9969329834,0.0,0.0
2024-04-10,199798.9969329834,0.0,0.0
2024-04-11,199798.9969329834,0.0,0.0
2024-04-12,199798.9969329834,0.0,0.0
2024-04-15,199798.9969329834,0.0,0.0
2024-04-16,199798.9969329834,0.0,0.0
2024-04-17,199798.9969329834,0.0,0.0
2024-04-18,198621.88040161133,198610.5520172119,0.0
2024-04-19,197635.0263671875,0.0,0.0
2024-04-22,197635.0263671875,0.0,0.0
2024-04-23,199481.06182861328,198777.8927307129,0.0
2024-04-24,202005.49418640137,201302.82508850098,409.05999755859375
2024-04-25,203026.62837219238,202338.9892730713,0.0
2024-04-26,203008.87490844727,0.0,406.3200073242188
2024-04-29,203007.80490112305,0.0,0.0
2024-04-30,203007.80490112305,0.0,0.0
2024-05-01,203007.80490112305,0.0,0.0
2024-05-02,203007.80490112305,0.0,0.0
2024-05-03,203007.80490112305,0.0,0.0
2024-05-06,203007.80490112305,0.0,0.0
2024-05-07,203007.80490112305,0.0,0.0
2024-05-08,203007.80490112305,0.0,0.0
2024-05-09,205238.91574096683,204872.7081298828,0.0
2024-05-10,205605.2008361817,0.0,0.0
2024-05-13,205605.2008361817,0.0,0.0
2024-05-14,205605.2008361817,0.0,0.0
2024-05-15,205605.2008361817,0.0,0.0
2024-05-16,205605.2008361817,0.0,0.0
2024-05-17,205995.0814971924,205629.20471191406,0.0
2024-05-20,207262.18951416019,206896.31272888184,0.0
2024-05-21,208680.93339538574,208315.0566101074,0.0
2024-05-22,208594.29141235352,0.0,0.0
2024-05-23,208594.29141235352,0.0,0.0
2024-05-24,208594.29141235352,0.0,0.0
2024-05-28,208594.29141235352,0.0,0.0
2024-05-29,209340.24337768552,208748.1226348877,0.0
2024-05-30,210437.24337768552,209845.1226348877,0.0
2024-05-31,211490.37074279782,210898.25,0.0
2024-06-03,212203.4140472412,0.0,0.0
2024-06-04,212203.4140472412,0.0,0.0
2024-06-05,212203.4140472412,0.0,0.0
2024-06-06,212203.4140472412,0.0,0.0
2024-06-07,212203.4140472412,0.0,0.0
2024-06-10,212203.4140472412,0.0,0.0
2024-06-11,212203.4140472412,0.0,0.0
2024-06-12,212203.4140472412,0.0,0.0
2024-06-13,212203.4140472412,0.0,0.0
2024-06-14,214262.61814880374,0.0,212433.60351562503
2024-06-17,217073.01231384277,1733.3599853515625,215217.59765625
2024-06-18,217723.57054138184,0.0,0.0
2024-06-20,217431.38243103027,0.0,217055.90594482425
2024-06-21,219415.43589782712,207.4900054931641,219042.85940551758
2024-06-24,219425.82054138184,208.13999938964844,0.0
2024-06-25,220747.05651855472,209.07000732421875,220514.5559692383
2024-06-26,219797.6805419922,213.25,0.0
2024-06-27,219798.5305480957,214.1000061035156,0.0
2024-06-28,219800.20054626465,0.0,0.0
2024-07-01,219800.20054626465,0.0,0.0
2024-07-02,223977.89106750482,223353.78433227536,0.0
2024-07-03,225278.38981628415,224651.70309448242,460.7699890136719
2024-07-05,230142.23301696777,229508.75628662112,467.55999755859375
2024-07-08,231641.95414733884,231009.4874267578,0.0
2024-07-09,232513.9792938232,231881.5125732422,0.0
2024-07-10,236879.2123870849,236241.71566772458,466.25
2024-07-11,235263.68611145017,0.0,0.0
2024-07-12,235263.68611145017,0.0,0.0
2024-07-15,235263.68611145017,0.0,0.0
2024-07-16,235263.68611145017,0.0,0.0
2024-07-17,235263.68611145017,0.0,0.0
2024-07-18,235263.68611145017,0.0,0.0
2024-07-19,235263.68611145017,0.0,0.0
2024-07-22,235263.68611145017,0.0,0.0
2024-07-23,235263.68611145017,0.0,0.0
2024-07-24,235263.68611145017,0.0,0.0
2024-07-25,235263.68611145017,0.0,0.0
2024-07-26,235263.68611145017,0.0,0.0
2024-07-29,236644.80479431152,235480.96592712405,0.0
2024-07-30,237249.04216003415,236085.20329284668,0.0
2024-07-31,240788.16084289548,239624.321975708,0.0
2024-08-01,243259.06359863278,0.0,0.0
2024-08-02,243259.06359863278,0.0,0.0
2024-08-05,243259.06359863278,0.0,0.0
2024-08-06,245501.71508789057,240801.25503540036,0.0
2024-08-07,248398.99832153317,243810.8485107422,4382.729919433595
2024-08-08,252501.22708129877,247866.2171630859,4429.59002685547
2024-08-09,255942.52615356445,251270.88638305667,4466.219879150391
2024-08-12,257450.1884460449,252769.85858154297,4474.909973144531
2024-08-13,261875.27496337885,257115.74496459958,4554.110107421875
2024-08-14,262429.52114868164,257638.64141845703,4585.4598388671875
2024-08-15,265961.3912963867,261124.64141845703,4631.329986572266
2024-08-16,267502.1235046387,262670.1035461426,0.0
2024-08-19,267344.469329834,262484.1792907715,4636.829986572266
2024-08-20,268100.87353515625,263204.6136169434,4672.799865722657
2024-08-21,267965.1328125,263076.7929077149,0.0
2024-08-22,265792.1984863281,260903.85858154297,0.0
2024-08-23,268474.3256225586,263588.07574462896,4584.690093994141
2024-08-26,268864.7812194824,263983.1514892578,0.0
2024-08-27,269863.2684326172,264970.85858154297,4552.239959716797
2024-08-28,269746.8878173828,0.0,0.0
2024-08-29,269746.8878173828,0.0,0.0
2024-08-30,269746.8878173828,0.0,0.0
2024-09-03,269746.8878173828,0.0,0.0
2024-09-04,268766.7907714844,267228.50738525385,0.0
2024-09-05,270618.08929443365,269079.8059082031,0.0
2024-09-06,272517.7796936036,0.0,0.0
2024-09-09,272628.83517456055,272602.9445190429,0.0
2024-09-10,270173.16839599615,0.0,0.0
2024-09-11,270173.16839599615,0.0,0.0
2024-09-12,270173.16839599615,0.0,0.0
2024-09-13,273181.49456787115,0.0,272132.8776855469
2024-09-16,273187.82073974615,0.0,0.0
2024-09-17,274500.29226684576,273588.9715270996,0.0
2024-09-18,279422.10382080084,278510.7830810547,0.0
2024-09-19,289740.17456054693,288833.9338378906,877.3800048828126
2024-09-20,291125.44226074225,0.0,0.0
2024-09-23,291125.44226074225,0.0,0.0
2024-09-24,291125.44226074225,0.0,0.0
2024-09-25,292968.64538574225,289753.59375,0.0
2024-09-26,294440.6571044922,291225.60546874994,0.0
2024-09-27,295643.86022949225,0.0,0.0
2024-09-30,295643.86022949225,0.0,0.0
2024-10-01,295643.86022949225,0.0,0.0
2024-10-02,296806.1994323731,296174.6784057617,0.0
2024-10-03,294663.27023315436,0.0,416.5400085449219
